{
  "train_loss": [
    0.0018926091526634548,
    0.00013971498413596284,
    9.773573122786099e-05,
    8.462329811715392e-05,
    7.263952960966731e-05,
    6.366713693537507e-05,
    5.8740577031767634e-05,
    5.612038889920233e-05,
    5.4071247714169474e-05,
    5.2856322057925986e-05,
    5.195426861349002e-05,
    5.0801040518397885e-05,
    5.019710915445079e-05,
    4.949732007538377e-05,
    4.908199381661035e-05,
    4.8793899417207994e-05,
    4.8461205797517566e-05,
    4.816899571350184e-05,
    4.797556756052569e-05,
    4.7752889622122916e-05,
    4.7552079451791996e-05,
    4.7450428366977206e-05,
    4.726995069835704e-05,
    4.714458889072251e-05,
    4.693198153774226e-05,
    4.687581371478183e-05,
    4.669185686911775e-05,
    4.6597229511031885e-05,
    4.6476493499225934e-05,
    4.6385224404808284e-05,
    4.625041410497123e-05,
    4.611740969457718e-05,
    4.5972278269682104e-05,
    4.59384230053883e-05,
    4.582698459925553e-05,
    4.5737481251664393e-05,
    4.563548516923879e-05,
    4.555119613771227e-05,
    4.548093525303919e-05,
    4.5351599482434715e-05,
    4.531254185180204e-05,
    4.5164864364260725e-05,
    4.5155166431792844e-05,
    4.506145418432901e-05,
    4.5055546832723635e-05,
    4.501033902609335e-05,
    4.496983572603236e-05,
    4.493133357846466e-05,
    4.489288093029784e-05,
    4.490105515077329e-05
  ],
  "val_loss": [
    0.0001696444206355792,
    9.925652367692021e-05,
    8.509869021909191e-05,
    7.175905213133052e-05,
    6.482723234795536e-05,
    5.782759002114996e-05,
    5.48441356042374e-05,
    5.3419893684418e-05,
    5.220107869578009e-05,
    5.030841158503823e-05,
    5.0902270887320064e-05,
    4.837878099068497e-05,
    4.848481992285426e-05,
    4.8381085899562375e-05,
    4.749066317549516e-05,
    4.7874969746224114e-05,
    4.615391759453428e-05,
    4.6118982521099684e-05,
    4.761686085613229e-05,
    4.609728027240518e-05,
    4.557154600133461e-05,
    4.5303203981620294e-05,
    4.587189046498199e-05,
    4.582970737434912e-05,
    4.476372013892821e-05,
    4.4962172553819006e-05,
    4.4948054678393795e-05,
    4.509332306867634e-05,
    4.445404494291584e-05,
    4.436388853980723e-05,
    4.49450728838555e-05,
    4.4233216225260605e-05,
    4.4432955191966285e-05,
    4.406354134305902e-05,
    4.4174930560172105e-05,
    4.3731856356796854e-05,
    4.3962541559388836e-05,
    4.376008497942483e-05,
    4.341978747537517e-05,
    4.331033466635556e-05,
    4.393309256415097e-05,
    4.324964186580073e-05,
    4.3189981463306164e-05,
    4.310813706616206e-05,
    4.312901370295886e-05,
    4.3085169570296754e-05,
    4.285605552518825e-05,
    4.2929410763420146e-05,
    4.295526927671129e-05,
    4.295199861065106e-05
  ]
}