{
    "accuracy": 0.9142857142857143,
    "macro_f1": 0.913151364764268,
    "roc_auc": 0.9591836734693877,
    "test_loss": 0.29084303975105286
}